Order ID,Order Date,Region,Country,Customer Segment,Category,Sub-Category,Product Name,Quantity Sold,Unit Price,Total Sales,Profit
ORD-1001,2025-02-19,North,UK,B2C,Office Supplies,Paper,Brother Paper,4,156.75,627.0,231.52
ORD-1002,2024-06-25,West,India,B2B,Office Supplies,Paper,Site Paper,2,234.27,468.54,116.38
ORD-1003,2024-09-30,West,USA,Enterprise,Furniture,Desk,Election Desk,10,292.63,2926.3,407.37
ORD-1004,2024-09-10,East,UK,B2C,Furniture,Bookcase,Chair Bookcase,4,958.07,3832.28,1145.93
ORD-1005,2025-03-29,North,UK,Small Business,Furniture,Bookcase,Blue Bookcase,10,279.23,2792.3,1080.52
ORD-1006,2025-03-05,West,India,Small Business,Technology,Laptop,Sit Laptop,10,887.74,8877.4,2587.85
ORD-1007,2025-05-28,North,USA,Small Business,Furniture,Chair,Offer Chair,2,858.21,1716.42,240.39
ORD-1008,2024-07-19,West,UK,B2C,Technology,Smartphone,Performance Smartphone,6,368.17,2209.02,439.48
ORD-1009,2024-11-26,South,Canada,B2C,Office Supplies,Paper,Almost Paper,3,473.02,1419.06,452.7
ORD-1010,2024-06-27,East,India,B2C,Office Supplies,Binder,Better Binder,1,808.94,808.94,226.22
ORD-1011,2024-09-08,East,USA,Enterprise,Furniture,Desk,Early Desk,7,886.99,6208.93,1286.15
ORD-1012,2024-12-29,South,USA,Small Business,Furniture,Table,Play Table,10,439.87,4398.7,989.44
ORD-1013,2024-06-26,South,Canada,Enterprise,Technology,Printer,Option Printer,2,760.67,1521.34,215.53
ORD-1014,2024-09-01,West,Canada,B2B,Furniture,Desk,Sense Desk,7,393.99,2757.93,279.0
ORD-1015,2025-02-23,North,India,Small Business,Office Supplies,Pen,Science Pen,6,129.32,775.92,209.17
ORD-1016,2025-01-13,East,Canada,B2C,Technology,Laptop,Kind Laptop,9,914.38,8229.42,1142.61
ORD-1017,2024-09-09,South,UK,B2C,Technology,Printer,List Printer,9,954.43,8589.87,1058.87
ORD-1018,2025-01-30,West,India,B2B,Furniture,Table,Fall Table,6,881.15,5286.9,795.68
ORD-1019,2025-04-26,North,USA,B2B,Technology,Printer,True Printer,2,737.27,1474.54,228.84
ORD-1020,2024-06-18,South,Germany,B2C,Office Supplies,Binder,Song Binder,5,537.12,2685.6,585.52
ORD-1021,2025-04-24,East,Germany,Small Business,Furniture,Desk,Collection Desk,8,901.62,7212.96,1908.22
ORD-1022,2025-03-14,North,UK,B2B,Furniture,Desk,Knowledge Desk,10,562.84,5628.4,1257.77
ORD-1023,2024-10-26,North,USA,B2B,Furniture,Chair,Fall Chair,1,862.44,862.44,326.64
ORD-1024,2024-08-15,West,USA,B2C,Furniture,Table,Dinner Table,10,584.69,5846.9,1912.53
ORD-1025,2025-04-08,South,India,B2B,Technology,Tablet,Great Tablet,7,367.21,2570.47,711.17
ORD-1026,2024-07-25,North,India,Enterprise,Office Supplies,Paper,Best Paper,6,804.58,4827.48,1772.74
ORD-1027,2024-11-10,West,USA,Enterprise,Furniture,Desk,Bill Desk,3,292.97,878.91,285.7
ORD-1028,2024-11-02,North,India,B2B,Furniture,Bookcase,Throw Bookcase,2,927.84,1855.68,269.8
ORD-1029,2024-10-27,West,Germany,B2C,Furniture,Bookcase,Pm Bookcase,7,904.39,6330.73,2219.61
ORD-1030,2024-09-26,East,Germany,Small Business,Furniture,Bookcase,Surface Bookcase,7,702.66,4918.62,889.52
ORD-1031,2024-07-02,South,USA,Small Business,Office Supplies,Envelope,Show Envelope,4,969.34,3877.36,877.24
ORD-1032,2024-12-11,East,India,B2B,Office Supplies,Paper,Not Paper,10,487.25,4872.5,605.09
ORD-1033,2024-08-03,North,Canada,B2B,Office Supplies,Binder,Win Binder,3,87.15,261.45,99.25
ORD-1034,2024-11-10,North,Canada,B2C,Furniture,Bookcase,Bar Bookcase,10,602.63,6026.3,1290.75
ORD-1035,2025-01-16,East,USA,Small Business,Technology,Smartphone,Finally Smartphone,4,280.3,1121.2,404.46
ORD-1036,2025-05-04,West,UK,B2B,Office Supplies,Pen,Production Pen,1,469.12,469.12,47.13
ORD-1037,2025-02-11,South,Canada,Small Business,Furniture,Chair,Value Chair,3,934.59,2803.77,380.59
ORD-1038,2025-05-16,East,USA,Enterprise,Furniture,Table,High Table,9,709.47,6385.23,1382.38
ORD-1039,2025-01-26,East,India,B2C,Office Supplies,Paper,Dark Paper,5,133.12,665.6,244.87
ORD-1040,2025-03-16,East,UK,B2C,Office Supplies,Binder,Available Binder,6,219.53,1317.18,276.25
ORD-1041,2024-07-03,East,India,B2B,Technology,Tablet,Recently Tablet,7,832.76,5829.32,2254.63
ORD-1042,2024-09-12,East,USA,Enterprise,Technology,Printer,Spring Printer,9,711.55,6403.95,1483.97
ORD-1043,2024-10-06,South,Canada,B2B,Furniture,Chair,Base Chair,6,590.86,3545.16,1260.56
ORD-1044,2025-05-14,East,UK,B2B,Furniture,Chair,Early Chair,6,225.88,1355.28,440.66
ORD-1045,2025-05-18,West,Canada,B2C,Furniture,Table,Blood Table,4,867.31,3469.24,371.69
ORD-1046,2024-11-10,North,USA,Small Business,Furniture,Bookcase,Fall Bookcase,7,806.19,5643.33,794.47
ORD-1047,2024-12-09,South,India,Enterprise,Furniture,Table,Prove Table,1,861.42,861.42,287.09
ORD-1048,2025-05-05,East,USA,B2C,Technology,Smartphone,His Smartphone,1,666.83,666.83,187.02
ORD-1049,2024-08-18,East,UK,Enterprise,Technology,Laptop,Hospital Laptop,9,344.53,3100.77,1214.63
ORD-1050,2024-10-31,East,India,B2B,Technology,Printer,Determine Printer,10,445.87,4458.7,808.97
ORD-1051,2025-03-03,North,Germany,B2C,Technology,Tablet,Example Tablet,5,63.5,317.5,85.47
ORD-1052,2025-03-15,East,Germany,B2B,Office Supplies,Binder,Write Binder,6,630.69,3784.14,760.55
ORD-1053,2025-03-08,East,Germany,Small Business,Furniture,Table,Raise Table,7,703.26,4922.82,1150.35
ORD-1054,2024-07-13,West,USA,Small Business,Furniture,Bookcase,Politics Bookcase,7,556.98,3898.86,1559.07
ORD-1055,2025-02-17,West,Canada,Small Business,Technology,Printer,Congress Printer,8,452.95,3623.6,714.98
ORD-1056,2025-01-09,South,India,Small Business,Office Supplies,Envelope,Shoulder Envelope,9,670.58,6035.22,1292.88
ORD-1057,2024-09-19,East,USA,B2C,Furniture,Desk,Common Desk,3,43.94,131.82,43.05
ORD-1058,2024-12-12,West,Germany,B2C,Technology,Laptop,Hundred Laptop,7,504.49,3531.43,1154.09
ORD-1059,2024-09-28,North,Germany,B2C,Office Supplies,Paper,Wish Paper,3,808.03,2424.09,463.55
ORD-1060,2025-02-19,South,India,Enterprise,Technology,Laptop,Rise Laptop,3,805.39,2416.17,482.57
ORD-1061,2025-01-18,West,Canada,Enterprise,Office Supplies,Pen,Discuss Pen,9,457.0,4113.0,1448.82
ORD-1062,2025-03-08,East,USA,Small Business,Technology,Tablet,Garden Tablet,9,494.91,4454.19,1461.98
ORD-1063,2025-05-09,East,USA,Small Business,Technology,Laptop,Special Laptop,6,333.32,1999.92,475.89
ORD-1064,2025-04-13,South,Germany,B2C,Furniture,Desk,Arrive Desk,4,82.94,331.76,92.14
ORD-1065,2024-09-12,West,India,B2C,Office Supplies,Envelope,Term Envelope,7,401.69,2811.83,475.37
ORD-1066,2024-06-28,West,Germany,B2B,Office Supplies,Paper,Support Paper,6,312.64,1875.84,530.87
ORD-1067,2024-10-16,West,USA,Small Business,Technology,Printer,Institution Printer,7,495.93,3471.51,983.63
ORD-1068,2024-09-27,South,Germany,B2C,Office Supplies,Envelope,Attorney Envelope,10,543.44,5434.4,695.18
ORD-1069,2024-09-05,North,Germany,B2C,Office Supplies,Paper,White Paper,8,198.09,1584.72,510.21
ORD-1070,2025-01-22,West,UK,Small Business,Technology,Printer,Under Printer,7,292.69,2048.83,234.88
ORD-1071,2025-03-21,North,Germany,B2B,Technology,Smartphone,Forward Smartphone,9,71.04,639.36,73.16
ORD-1072,2024-09-06,North,India,B2C,Furniture,Chair,Reality Chair,4,842.44,3369.76,719.78
ORD-1073,2024-12-26,West,India,B2C,Furniture,Desk,Individual Desk,8,705.48,5643.84,959.06
ORD-1074,2025-05-25,South,UK,B2B,Furniture,Chair,Who Chair,10,45.16,451.6,138.38
ORD-1075,2025-02-20,West,USA,B2B,Office Supplies,Envelope,Low Envelope,10,696.8,6968.0,1476.01
ORD-1076,2024-08-10,North,Canada,B2B,Furniture,Table,Evidence Table,6,542.09,3252.54,655.53
ORD-1077,2024-08-09,North,Germany,Enterprise,Furniture,Table,Employee Table,2,444.85,889.7,259.21
ORD-1078,2025-04-01,West,USA,Small Business,Technology,Printer,Option Printer,10,812.04,8120.4,1937.11
ORD-1079,2025-01-11,West,Canada,Small Business,Technology,Tablet,Everyone Tablet,6,854.68,5128.08,773.22
ORD-1080,2025-04-02,West,USA,Enterprise,Furniture,Table,Pattern Table,10,618.13,6181.3,1769.73
ORD-1081,2024-11-29,East,USA,Enterprise,Furniture,Bookcase,Water Bookcase,4,367.73,1470.92,474.36
ORD-1082,2025-01-28,North,Canada,B2C,Technology,Smartphone,Inside Smartphone,2,256.53,513.06,142.67
ORD-1083,2024-11-03,West,Germany,Enterprise,Office Supplies,Binder,Discuss Binder,1,111.19,111.19,37.08
ORD-1084,2024-08-08,East,Canada,Small Business,Office Supplies,Binder,Mr Binder,8,562.4,4499.2,1335.69
ORD-1085,2024-12-24,East,Germany,Small Business,Office Supplies,Pen,Benefit Pen,5,266.38,1331.9,484.55
ORD-1086,2025-04-05,North,Canada,B2C,Furniture,Table,Anyone Table,4,232.06,928.24,236.46
ORD-1087,2025-05-16,North,USA,Small Business,Office Supplies,Pen,Break Pen,4,373.66,1494.64,462.32
ORD-1088,2024-08-14,East,India,B2B,Office Supplies,Binder,Product Binder,9,306.29,2756.61,321.9
ORD-1089,2024-08-17,North,India,Small Business,Office Supplies,Envelope,Structure Envelope,8,489.14,3913.12,1165.28
ORD-1090,2025-03-07,West,India,B2B,Furniture,Table,Knowledge Table,7,501.91,3513.37,797.16
ORD-1091,2025-02-02,South,USA,Small Business,Office Supplies,Paper,Attack Paper,2,994.04,1988.08,724.58
ORD-1092,2024-11-12,West,Germany,Enterprise,Technology,Printer,I Printer,5,862.96,4314.8,444.38
ORD-1093,2025-02-02,North,USA,B2C,Technology,Laptop,Management Laptop,5,667.22,3336.1,1177.25
ORD-1094,2025-01-07,South,India,Enterprise,Furniture,Chair,Enter Chair,8,695.58,5564.64,1441.39
ORD-1095,2025-01-16,East,UK,Enterprise,Furniture,Desk,Traditional Desk,2,693.64,1387.28,170.4
ORD-1096,2024-06-20,West,India,B2C,Office Supplies,Binder,Response Binder,3,910.24,2730.72,415.1
ORD-1097,2025-03-22,South,UK,Small Business,Furniture,Chair,Building Chair,8,141.87,1134.96,219.5
ORD-1098,2025-03-07,East,Canada,Enterprise,Office Supplies,Envelope,Value Envelope,8,98.83,790.64,306.8
ORD-1099,2025-01-10,East,India,B2B,Technology,Smartphone,Social Smartphone,4,962.67,3850.68,574.57
ORD-1100,2024-09-27,East,Canada,B2B,Office Supplies,Paper,Specific Paper,3,481.09,1443.27,295.22
ORD-1101,2025-02-19,West,Germany,B2B,Technology,Printer,Grow Printer,8,361.0,2888.0,866.42
ORD-1102,2024-07-29,South,UK,Enterprise,Office Supplies,Paper,Finally Paper,8,302.45,2419.6,281.74
ORD-1103,2024-12-01,West,India,Small Business,Office Supplies,Paper,Coach Paper,5,336.81,1684.05,183.47
ORD-1104,2024-12-09,West,Germany,B2B,Technology,Laptop,About Laptop,4,528.07,2112.28,450.36
ORD-1105,2025-03-23,North,USA,Small Business,Technology,Tablet,Type Tablet,9,148.39,1335.51,418.8
ORD-1106,2025-03-22,North,India,B2C,Office Supplies,Envelope,Everyone Envelope,3,324.54,973.62,385.45
ORD-1107,2024-12-27,South,India,Enterprise,Technology,Laptop,Sound Laptop,2,654.76,1309.52,463.32
ORD-1108,2024-08-24,East,Germany,Enterprise,Office Supplies,Pen,Movement Pen,8,258.86,2070.88,485.87
ORD-1109,2025-06-05,South,India,Small Business,Technology,Printer,Born Printer,7,353.08,2471.56,404.56
ORD-1110,2025-05-20,East,UK,Enterprise,Technology,Laptop,Process Laptop,3,457.62,1372.86,349.66
ORD-1111,2024-10-09,West,UK,B2C,Technology,Tablet,Thought Tablet,4,580.36,2321.44,765.92
ORD-1112,2025-02-19,East,Germany,Enterprise,Technology,Laptop,Movement Laptop,7,988.65,6920.55,1123.08
ORD-1113,2025-02-07,West,India,B2C,Office Supplies,Binder,Decide Binder,9,966.05,8694.45,2611.83
ORD-1114,2024-08-14,North,Canada,Enterprise,Furniture,Bookcase,Hour Bookcase,1,727.99,727.99,201.66
ORD-1115,2025-04-08,North,Germany,Small Business,Office Supplies,Binder,Color Binder,6,630.79,3784.74,1062.58
ORD-1116,2025-01-11,West,UK,Enterprise,Furniture,Table,Start Table,9,55.18,496.62,188.45
ORD-1117,2025-06-09,South,India,Enterprise,Office Supplies,Pen,Nice Pen,2,765.16,1530.32,288.97
ORD-1118,2025-06-07,South,UK,B2B,Furniture,Bookcase,A Bookcase,1,337.89,337.89,129.47
ORD-1119,2025-02-03,West,USA,B2C,Technology,Smartphone,Game Smartphone,9,423.81,3814.29,745.54
ORD-1120,2024-12-22,South,India,Enterprise,Furniture,Desk,After Desk,10,689.47,6894.7,1728.5
ORD-1121,2024-07-29,South,Germany,Small Business,Office Supplies,Binder,Woman Binder,8,270.22,2161.76,858.61
ORD-1122,2024-11-03,South,India,Enterprise,Technology,Smartphone,Unit Smartphone,6,987.9,5927.4,1839.0
ORD-1123,2025-05-04,West,UK,B2C,Technology,Smartphone,Surface Smartphone,7,856.27,5993.89,2205.78
ORD-1124,2024-10-13,East,UK,B2B,Technology,Smartphone,Education Smartphone,7,288.99,2022.93,465.72
ORD-1125,2024-07-08,West,UK,B2C,Office Supplies,Paper,Effect Paper,10,805.89,8058.9,2694.08
ORD-1126,2025-05-22,South,India,B2B,Furniture,Table,Our Table,5,792.84,3964.2,1546.0
ORD-1127,2024-07-16,North,UK,Small Business,Technology,Printer,Bed Printer,7,192.13,1344.91,484.64
ORD-1128,2025-03-27,East,USA,Small Business,Office Supplies,Pen,Mention Pen,8,968.04,7744.32,2412.03
ORD-1129,2025-04-28,West,India,B2C,Technology,Laptop,Authority Laptop,4,862.94,3451.76,630.76
ORD-1130,2025-04-07,North,Germany,B2B,Technology,Smartphone,No Smartphone,5,545.84,2729.2,719.32
ORD-1131,2025-04-09,West,UK,B2B,Office Supplies,Pen,Car Pen,4,482.05,1928.2,412.9
ORD-1132,2024-08-04,South,India,Enterprise,Office Supplies,Pen,Receive Pen,5,656.25,3281.25,1197.65
ORD-1133,2024-12-17,East,Germany,B2B,Furniture,Chair,Your Chair,2,250.1,500.2,119.42
ORD-1134,2025-01-15,East,Canada,Enterprise,Technology,Tablet,Company Tablet,10,747.42,7474.2,2643.2
ORD-1135,2024-09-26,West,Canada,Enterprise,Technology,Laptop,News Laptop,5,52.06,260.3,75.19
ORD-1136,2025-05-20,South,UK,B2B,Technology,Tablet,Policy Tablet,6,553.58,3321.48,354.23
ORD-1137,2024-11-27,West,UK,B2C,Technology,Laptop,Development Laptop,2,950.03,1900.06,290.22
ORD-1138,2025-06-11,North,India,Small Business,Furniture,Desk,Notice Desk,4,989.04,3956.16,648.44
ORD-1139,2025-04-05,South,Canada,B2C,Furniture,Chair,Show Chair,4,341.99,1367.96,486.63
ORD-1140,2025-03-10,East,USA,B2C,Office Supplies,Paper,Deep Paper,9,265.64,2390.76,831.15
ORD-1141,2025-03-19,South,India,Small Business,Office Supplies,Paper,Forget Paper,4,597.08,2388.32,944.02
ORD-1142,2024-11-17,South,Germany,B2B,Technology,Laptop,Remain Laptop,2,486.72,973.44,162.17
ORD-1143,2025-02-23,West,Canada,B2C,Office Supplies,Paper,Hour Paper,10,62.5,625.0,103.14
ORD-1144,2024-12-03,West,India,B2B,Office Supplies,Pen,We Pen,8,850.35,6802.8,1851.16
ORD-1145,2025-01-03,West,India,B2B,Furniture,Bookcase,Live Bookcase,6,616.13,3696.78,1405.87
ORD-1146,2024-08-01,West,Canada,Small Business,Technology,Smartphone,End Smartphone,8,515.44,4123.52,1117.23
ORD-1147,2024-09-11,South,Germany,Enterprise,Office Supplies,Paper,Attack Paper,4,425.54,1702.16,258.34
ORD-1148,2024-10-25,North,UK,Enterprise,Technology,Tablet,Against Tablet,6,671.81,4030.86,1159.72
ORD-1149,2025-01-30,North,India,B2B,Furniture,Bookcase,Once Bookcase,2,443.24,886.48,156.57
ORD-1150,2024-09-13,North,Canada,Small Business,Technology,Printer,Per Printer,2,422.59,845.18,116.57
ORD-1151,2024-09-09,East,Canada,Small Business,Technology,Laptop,Account Laptop,6,121.53,729.18,180.67
ORD-1152,2024-07-13,South,India,Small Business,Furniture,Bookcase,Second Bookcase,9,380.21,3421.89,585.89
ORD-1153,2025-02-16,West,Canada,B2B,Office Supplies,Binder,Artist Binder,10,930.5,9305.0,1406.56
ORD-1154,2024-09-12,South,UK,Small Business,Technology,Laptop,Author Laptop,6,364.0,2184.0,754.74
ORD-1155,2025-06-02,North,USA,B2B,Furniture,Bookcase,Almost Bookcase,2,751.19,1502.38,503.99
ORD-1156,2025-05-15,East,USA,Small Business,Technology,Tablet,Give Tablet,5,727.16,3635.8,606.99
ORD-1157,2024-07-13,North,USA,B2C,Office Supplies,Paper,My Paper,10,68.77,687.7,258.25
ORD-1158,2024-09-16,West,Canada,Enterprise,Technology,Tablet,Family Tablet,7,287.7,2013.9,349.45
ORD-1159,2025-03-02,West,India,Small Business,Furniture,Table,Mention Table,10,496.9,4969.0,993.11
ORD-1160,2024-09-07,West,Canada,B2B,Furniture,Desk,Notice Desk,1,220.33,220.33,25.65
ORD-1161,2024-08-06,East,UK,B2B,Furniture,Table,Several Table,1,507.44,507.44,137.42
ORD-1162,2025-06-14,South,Canada,Small Business,Furniture,Bookcase,Us Bookcase,2,409.13,818.26,145.15
ORD-1163,2025-01-23,West,India,Small Business,Technology,Laptop,Part Laptop,10,440.7,4407.0,1228.11
ORD-1164,2024-12-16,East,India,Enterprise,Office Supplies,Envelope,Eight Envelope,1,966.88,966.88,336.9
ORD-1165,2025-04-16,East,India,Enterprise,Office Supplies,Envelope,Material Envelope,2,258.45,516.9,115.44
ORD-1166,2025-04-25,West,UK,Small Business,Office Supplies,Paper,Investment Paper,4,346.41,1385.64,484.36
ORD-1167,2024-08-28,South,UK,Small Business,Office Supplies,Paper,Between Paper,3,251.54,754.62,268.7
ORD-1168,2024-07-23,South,India,B2C,Furniture,Desk,Reason Desk,8,474.67,3797.36,876.73
ORD-1169,2024-11-30,East,UK,B2C,Office Supplies,Envelope,Health Envelope,8,86.92,695.36,185.9
ORD-1170,2024-11-27,North,UK,B2B,Technology,Smartphone,Item Smartphone,5,472.51,2362.55,918.37
ORD-1171,2024-12-14,North,India,Enterprise,Technology,Smartphone,Treat Smartphone,8,588.72,4709.76,535.64
ORD-1172,2025-03-26,West,Canada,B2C,Office Supplies,Paper,Arm Paper,6,612.91,3677.46,917.86
ORD-1173,2025-03-04,North,UK,B2B,Furniture,Bookcase,Ready Bookcase,9,653.2,5878.8,2282.49
ORD-1174,2025-02-21,West,Canada,B2C,Office Supplies,Envelope,Billion Envelope,6,385.39,2312.34,728.69
ORD-1175,2024-07-09,North,UK,B2B,Technology,Smartphone,Interesting Smartphone,6,112.62,675.72,132.77
ORD-1176,2025-03-25,South,UK,B2B,Technology,Smartphone,Group Smartphone,10,670.34,6703.4,837.76
ORD-1177,2025-04-22,South,Canada,B2B,Technology,Tablet,Training Tablet,5,567.74,2838.7,587.47
ORD-1178,2024-07-28,North,Germany,Small Business,Technology,Printer,Energy Printer,1,375.35,375.35,129.84
ORD-1179,2024-08-29,West,USA,B2C,Furniture,Table,Customer Table,3,171.85,515.55,160.47
ORD-1180,2025-01-10,East,Canada,B2C,Furniture,Chair,List Chair,10,389.19,3891.9,1367.33
ORD-1181,2024-08-09,West,India,Enterprise,Office Supplies,Binder,Knowledge Binder,6,682.84,4097.04,1346.86
ORD-1182,2024-08-26,West,USA,B2C,Technology,Smartphone,Family Smartphone,5,966.28,4831.4,795.68
ORD-1183,2024-12-12,West,Germany,Small Business,Furniture,Table,Enjoy Table,7,512.85,3589.95,985.09
ORD-1184,2025-05-21,South,UK,B2B,Furniture,Desk,Wind Desk,8,876.63,7013.04,1638.51
ORD-1185,2024-07-15,East,India,B2C,Furniture,Chair,Level Chair,5,460.33,2301.65,566.19
ORD-1186,2025-04-25,South,Germany,Small Business,Technology,Laptop,Training Laptop,1,426.6,426.6,119.9
ORD-1187,2025-05-14,West,India,Small Business,Technology,Printer,Oil Printer,4,47.62,190.48,23.0
ORD-1188,2024-07-24,South,USA,B2B,Office Supplies,Pen,Apply Pen,5,919.05,4595.25,1186.79
ORD-1189,2025-02-24,West,Canada,B2B,Furniture,Bookcase,Now Bookcase,2,38.62,77.24,25.9
ORD-1190,2025-05-06,North,UK,B2C,Furniture,Bookcase,Administration Bookcase,5,139.41,697.05,228.96
ORD-1191,2024-07-22,North,India,Enterprise,Office Supplies,Envelope,With Envelope,10,545.33,5453.3,1147.45
ORD-1192,2025-04-04,South,UK,Enterprise,Office Supplies,Binder,Time Binder,1,622.51,622.51,204.08
ORD-1193,2024-09-15,North,Canada,Small Business,Technology,Printer,Compare Printer,2,954.34,1908.68,451.93
ORD-1194,2024-11-20,West,Germany,B2B,Office Supplies,Paper,Mention Paper,7,981.42,6869.94,2225.21
ORD-1195,2024-12-19,North,UK,B2C,Furniture,Table,Different Table,2,776.07,1552.14,278.52
ORD-1196,2025-05-17,North,UK,Small Business,Technology,Printer,Institution Printer,3,833.78,2501.34,486.75
ORD-1197,2025-06-01,South,USA,B2B,Office Supplies,Envelope,Artist Envelope,8,56.24,449.92,152.76
ORD-1198,2024-08-18,East,UK,Enterprise,Furniture,Chair,Hundred Chair,9,483.93,4355.37,1694.3
ORD-1199,2024-06-16,East,UK,B2B,Office Supplies,Binder,In Binder,6,287.75,1726.5,276.58
ORD-1200,2024-09-26,West,Germany,Small Business,Technology,Tablet,With Tablet,3,506.28,1518.84,380.84
ORD-1201,2025-04-16,North,Germany,B2B,Office Supplies,Pen,Still Pen,7,610.4,4272.8,655.01
ORD-1202,2024-12-09,East,India,B2B,Office Supplies,Pen,Feeling Pen,6,667.7,4006.2,1234.11
ORD-1203,2024-11-27,South,Germany,Small Business,Office Supplies,Envelope,Same Envelope,8,61.51,492.08,68.39
ORD-1204,2025-03-26,East,India,B2B,Technology,Tablet,Step Tablet,7,376.04,2632.28,420.3
ORD-1205,2025-01-17,North,USA,Enterprise,Office Supplies,Binder,Recently Binder,1,143.71,143.71,47.31
ORD-1206,2025-03-22,East,Germany,B2B,Office Supplies,Pen,Message Pen,10,170.37,1703.7,451.52
ORD-1207,2024-08-15,West,India,B2C,Technology,Smartphone,Customer Smartphone,9,379.61,3416.49,1044.37
ORD-1208,2024-10-09,North,India,B2C,Technology,Printer,Director Printer,8,527.39,4219.12,531.34
ORD-1209,2024-07-08,East,Germany,B2C,Furniture,Table,Particularly Table,10,299.87,2998.7,375.01
ORD-1210,2025-03-28,North,USA,B2B,Technology,Printer,Occur Printer,8,189.2,1513.6,281.51
ORD-1211,2024-07-09,East,India,Small Business,Furniture,Table,Small Table,5,854.33,4271.65,796.48
ORD-1212,2024-10-15,East,Canada,B2C,Office Supplies,Binder,Art Binder,2,985.43,1970.86,320.03
ORD-1213,2024-07-05,North,UK,Small Business,Furniture,Bookcase,Pattern Bookcase,8,807.59,6460.72,1515.08
ORD-1214,2024-12-18,North,UK,Enterprise,Office Supplies,Paper,Morning Paper,8,535.18,4281.44,724.64
ORD-1215,2025-06-08,South,UK,B2B,Office Supplies,Paper,Tonight Paper,8,476.52,3812.16,933.19
ORD-1216,2025-01-08,South,Germany,B2B,Furniture,Desk,Coach Desk,2,527.74,1055.48,325.89
ORD-1217,2024-07-08,South,UK,Small Business,Furniture,Table,Movie Table,2,265.59,531.18,111.27
ORD-1218,2024-07-17,South,UK,B2B,Office Supplies,Pen,Today Pen,9,648.17,5833.53,1297.71
ORD-1219,2024-08-27,South,Canada,Small Business,Office Supplies,Binder,Authority Binder,10,60.37,603.7,85.04
ORD-1220,2025-02-02,East,USA,Enterprise,Furniture,Chair,Author Chair,10,646.21,6462.1,1619.33
ORD-1221,2025-03-05,East,Germany,B2C,Office Supplies,Pen,Training Pen,7,311.49,2180.43,824.44
ORD-1222,2024-09-15,West,Germany,Enterprise,Furniture,Desk,International Desk,8,219.94,1759.52,383.58
ORD-1223,2024-08-01,East,Germany,B2C,Technology,Smartphone,Year Smartphone,6,524.68,3148.08,1158.95
ORD-1224,2025-05-27,North,UK,Enterprise,Furniture,Bookcase,Over Bookcase,4,158.06,632.24,243.3
ORD-1225,2024-09-19,South,USA,Small Business,Technology,Tablet,Particular Tablet,10,726.71,7267.1,2492.98
ORD-1226,2025-02-01,West,Germany,Small Business,Furniture,Bookcase,Among Bookcase,8,42.71,341.68,39.78
ORD-1227,2025-02-11,South,USA,Small Business,Office Supplies,Envelope,Beat Envelope,1,69.53,69.53,17.49
ORD-1228,2024-11-25,East,Canada,B2B,Office Supplies,Envelope,Really Envelope,2,442.31,884.62,119.66
ORD-1229,2025-01-28,West,UK,B2B,Office Supplies,Pen,Other Pen,7,70.13,490.91,113.62
ORD-1230,2025-01-05,North,Germany,Enterprise,Technology,Smartphone,Four Smartphone,9,294.13,2647.17,273.38
ORD-1231,2025-06-14,South,India,Enterprise,Office Supplies,Paper,Every Paper,6,799.0,4794.0,1429.93
ORD-1232,2024-09-03,South,Canada,Enterprise,Technology,Printer,Relationship Printer,9,59.45,535.05,207.77
ORD-1233,2025-03-21,West,Canada,Enterprise,Office Supplies,Pen,Former Pen,3,614.14,1842.42,452.03
ORD-1234,2024-09-16,South,Germany,Small Business,Technology,Smartphone,Evidence Smartphone,10,349.65,3496.5,529.77
ORD-1235,2024-11-16,East,Germany,B2B,Office Supplies,Envelope,Catch Envelope,6,344.61,2067.66,759.08
ORD-1236,2025-03-03,North,Canada,Enterprise,Technology,Smartphone,Quite Smartphone,5,967.73,4838.65,799.0
ORD-1237,2024-10-10,North,Canada,Enterprise,Office Supplies,Binder,Lot Binder,3,533.75,1601.25,294.06
ORD-1238,2024-10-16,South,India,B2B,Technology,Printer,Woman Printer,4,38.56,154.24,47.18
ORD-1239,2025-04-03,South,Germany,Enterprise,Furniture,Bookcase,Would Bookcase,1,711.66,711.66,173.93
ORD-1240,2024-07-14,West,Canada,Enterprise,Office Supplies,Pen,Act Pen,6,957.55,5745.3,1505.85
ORD-1241,2024-12-10,East,UK,Enterprise,Office Supplies,Pen,Pretty Pen,4,958.19,3832.76,1212.29
ORD-1242,2025-01-20,East,UK,B2C,Technology,Printer,Black Printer,8,330.7,2645.6,781.4
ORD-1243,2024-07-14,East,India,Enterprise,Office Supplies,Pen,Note Pen,7,822.01,5754.07,653.76
ORD-1244,2024-09-06,North,UK,B2B,Furniture,Table,Move Table,6,925.53,5553.18,1128.45
ORD-1245,2024-09-26,South,USA,Small Business,Office Supplies,Envelope,Cause Envelope,9,702.25,6320.25,2267.82
ORD-1246,2025-06-13,South,India,B2C,Office Supplies,Binder,Happy Binder,4,71.44,285.76,78.87
ORD-1247,2025-05-24,North,USA,B2B,Office Supplies,Envelope,Authority Envelope,9,978.35,8805.15,3104.85
ORD-1248,2025-05-23,West,USA,Small Business,Office Supplies,Envelope,Election Envelope,6,299.71,1798.26,687.39
ORD-1249,2024-11-06,North,USA,Enterprise,Furniture,Desk,Feel Desk,3,935.24,2805.72,1091.7
ORD-1250,2024-08-16,South,UK,B2B,Technology,Tablet,Left Tablet,1,312.42,312.42,68.47
ORD-1251,2025-05-05,West,Canada,Enterprise,Technology,Smartphone,Of Smartphone,3,854.04,2562.12,665.11
ORD-1252,2025-03-16,East,USA,Enterprise,Furniture,Chair,Five Chair,5,724.23,3621.15,1433.16
ORD-1253,2025-02-08,South,USA,Enterprise,Technology,Smartphone,Surface Smartphone,7,524.98,3674.86,1374.32
ORD-1254,2025-02-24,South,USA,Enterprise,Office Supplies,Paper,Newspaper Paper,6,937.11,5622.66,2237.54
ORD-1255,2024-06-19,West,UK,Small Business,Technology,Printer,Region Printer,5,590.81,2954.05,673.93
ORD-1256,2025-04-29,South,India,B2B,Technology,Smartphone,Once Smartphone,8,320.67,2565.36,714.13
ORD-1257,2024-10-10,North,UK,Small Business,Office Supplies,Pen,Work Pen,10,236.43,2364.3,266.67
ORD-1258,2025-02-28,West,Canada,Small Business,Technology,Printer,Body Printer,7,707.9,4955.3,625.17
ORD-1259,2025-06-15,South,Canada,B2B,Office Supplies,Binder,Unit Binder,9,457.81,4120.29,778.2
ORD-1260,2024-08-07,North,Canada,B2C,Furniture,Chair,Everything Chair,10,545.93,5459.3,1914.24
ORD-1261,2024-07-30,North,USA,Enterprise,Office Supplies,Envelope,Voice Envelope,2,900.91,1801.82,479.92
ORD-1262,2024-07-27,South,Canada,Enterprise,Furniture,Bookcase,Situation Bookcase,8,572.63,4581.04,1064.45
ORD-1263,2025-01-16,North,Germany,Small Business,Office Supplies,Pen,Clearly Pen,1,750.89,750.89,170.08
ORD-1264,2024-09-29,East,India,B2B,Furniture,Bookcase,Father Bookcase,2,986.41,1972.82,509.73
ORD-1265,2025-02-05,South,USA,Enterprise,Technology,Tablet,Develop Tablet,6,993.0,5958.0,1699.56
ORD-1266,2025-03-21,North,Canada,B2C,Technology,Tablet,Gun Tablet,6,136.26,817.56,83.51
ORD-1267,2024-09-03,South,India,B2B,Technology,Printer,Right Printer,5,473.74,2368.7,436.48
ORD-1268,2025-02-17,South,USA,Enterprise,Technology,Tablet,Tonight Tablet,6,172.02,1032.12,354.49
ORD-1269,2024-09-26,North,Germany,B2B,Office Supplies,Paper,Mouth Paper,4,221.96,887.84,328.26
ORD-1270,2024-12-22,North,USA,B2B,Furniture,Bookcase,Enter Bookcase,7,450.18,3151.26,750.23
ORD-1271,2025-06-02,East,USA,Small Business,Furniture,Desk,Whatever Desk,10,605.96,6059.6,1201.26
ORD-1272,2025-05-10,East,USA,B2C,Technology,Printer,Approach Printer,7,314.49,2201.43,840.31
ORD-1273,2024-07-21,West,Canada,Enterprise,Office Supplies,Binder,Protect Binder,1,972.84,972.84,114.33
ORD-1274,2024-11-27,East,Germany,Enterprise,Office Supplies,Envelope,Themselves Envelope,3,313.89,941.67,324.72
ORD-1275,2024-10-01,South,USA,Small Business,Office Supplies,Envelope,Another Envelope,3,809.66,2428.98,305.03
ORD-1276,2024-06-17,West,Canada,B2C,Office Supplies,Envelope,Goal Envelope,7,258.0,1806.0,612.23
ORD-1277,2025-04-11,West,UK,B2B,Office Supplies,Paper,Case Paper,9,730.09,6570.81,2252.84
ORD-1278,2025-02-18,North,India,B2C,Technology,Tablet,Everybody Tablet,10,729.82,7298.2,1695.7
ORD-1279,2024-08-17,East,UK,B2B,Technology,Printer,Site Printer,4,938.42,3753.68,418.07
ORD-1280,2024-12-04,South,Canada,B2C,Furniture,Bookcase,Ok Bookcase,7,916.82,6417.74,1504.17
ORD-1281,2025-03-17,West,Canada,Small Business,Technology,Tablet,Late Tablet,5,276.33,1381.65,340.1
ORD-1282,2025-01-19,North,Germany,Small Business,Technology,Tablet,Act Tablet,4,383.29,1533.16,422.88
ORD-1283,2024-07-29,South,India,Small Business,Office Supplies,Binder,Bag Binder,9,936.06,8424.54,1906.11
ORD-1284,2025-05-24,South,USA,Small Business,Technology,Smartphone,Rock Smartphone,4,392.24,1568.96,235.33
ORD-1285,2025-06-02,East,Germany,Enterprise,Technology,Smartphone,Church Smartphone,8,184.87,1478.96,238.86
ORD-1286,2025-01-13,West,USA,B2B,Furniture,Desk,Also Desk,9,53.15,478.35,69.83
ORD-1287,2025-05-06,North,Germany,B2C,Office Supplies,Paper,Hope Paper,4,86.61,346.44,122.88
ORD-1288,2025-01-28,East,India,Enterprise,Furniture,Bookcase,Old Bookcase,8,35.42,283.36,68.1
ORD-1289,2024-08-12,North,Canada,Small Business,Technology,Laptop,Law Laptop,9,977.93,8801.37,3475.28
ORD-1290,2024-08-04,South,India,B2B,Office Supplies,Envelope,Analysis Envelope,9,165.92,1493.28,511.33
ORD-1291,2024-10-13,East,UK,Enterprise,Office Supplies,Pen,His Pen,2,385.59,771.18,214.54
ORD-1292,2025-05-31,South,UK,B2B,Office Supplies,Binder,Worker Binder,1,111.63,111.63,31.95
ORD-1293,2025-04-21,North,India,B2C,Office Supplies,Envelope,Traditional Envelope,2,509.86,1019.72,275.15
ORD-1294,2024-07-01,North,USA,B2C,Technology,Laptop,Way Laptop,10,485.99,4859.9,1876.07
ORD-1295,2024-11-01,North,USA,Small Business,Furniture,Table,Develop Table,1,962.24,962.24,215.44
ORD-1296,2025-03-07,North,UK,B2C,Office Supplies,Envelope,Enjoy Envelope,10,255.66,2556.6,382.48
ORD-1297,2025-03-02,West,USA,B2B,Technology,Smartphone,Board Smartphone,9,750.55,6754.95,2001.1
ORD-1298,2024-10-31,South,India,Small Business,Furniture,Bookcase,State Bookcase,10,773.63,7736.3,878.4
ORD-1299,2025-01-19,North,UK,Enterprise,Technology,Smartphone,Usually Smartphone,8,243.58,1948.64,456.15
ORD-1300,2025-05-21,South,Canada,Enterprise,Technology,Tablet,Investment Tablet,2,776.72,1553.44,483.72
ORD-1301,2025-02-12,North,UK,B2C,Furniture,Chair,So Chair,7,717.44,5022.08,1053.78
ORD-1302,2024-08-15,East,UK,B2B,Office Supplies,Envelope,Wish Envelope,2,25.09,50.18,15.43
ORD-1303,2025-06-12,North,USA,B2B,Technology,Smartphone,Economic Smartphone,3,442.36,1327.08,309.08
ORD-1304,2025-05-17,North,India,B2B,Office Supplies,Envelope,Commercial Envelope,6,563.14,3378.84,746.46
ORD-1305,2025-04-22,North,UK,Enterprise,Technology,Tablet,Talk Tablet,7,783.59,5485.13,1001.29
ORD-1306,2024-08-23,South,Germany,B2C,Office Supplies,Binder,Upon Binder,3,283.54,850.62,271.75
ORD-1307,2024-11-23,South,Germany,Small Business,Furniture,Chair,Ago Chair,7,313.76,2196.32,362.83
ORD-1308,2024-08-24,South,Germany,B2C,Technology,Smartphone,Since Smartphone,8,124.83,998.64,308.18
ORD-1309,2025-06-10,West,UK,Enterprise,Technology,Smartphone,Go Smartphone,6,442.0,2652.0,405.6
ORD-1310,2025-04-15,East,UK,B2C,Office Supplies,Binder,Word Binder,8,327.9,2623.2,290.2
ORD-1311,2024-11-22,West,Canada,B2C,Technology,Smartphone,Suffer Smartphone,6,388.53,2331.18,361.45
ORD-1312,2025-03-03,North,Canada,B2C,Technology,Smartphone,Treat Smartphone,10,997.32,9973.2,3450.94
ORD-1313,2025-03-28,West,USA,Enterprise,Office Supplies,Paper,Talk Paper,5,834.66,4173.3,1582.73
ORD-1314,2024-09-20,South,UK,B2C,Technology,Tablet,Example Tablet,5,665.49,3327.45,617.01
ORD-1315,2024-08-16,West,Canada,Enterprise,Technology,Laptop,Store Laptop,10,412.79,4127.9,1023.79
ORD-1316,2025-03-15,North,UK,B2B,Office Supplies,Envelope,Box Envelope,2,773.57,1547.14,313.64
ORD-1317,2024-11-11,North,Canada,Enterprise,Technology,Printer,Turn Printer,6,966.4,5798.4,1570.57
ORD-1318,2024-07-01,East,USA,B2C,Furniture,Chair,Town Chair,8,386.64,3093.12,807.55
ORD-1319,2024-12-15,East,India,Enterprise,Office Supplies,Binder,Doctor Binder,2,309.52,619.04,76.66
ORD-1320,2024-09-01,South,UK,Small Business,Furniture,Chair,Technology Chair,6,466.23,2797.38,945.35
ORD-1321,2025-06-07,West,India,Enterprise,Technology,Smartphone,Magazine Smartphone,8,332.53,2660.24,824.46
ORD-1322,2024-10-29,North,UK,B2B,Office Supplies,Paper,Focus Paper,3,931.32,2793.96,496.91
ORD-1323,2025-04-30,South,UK,Enterprise,Office Supplies,Binder,Stuff Binder,8,247.22,1977.76,550.78
ORD-1324,2025-05-20,West,Germany,B2B,Furniture,Desk,Drive Desk,10,885.44,8854.4,2347.54
ORD-1325,2024-09-10,North,USA,B2C,Technology,Tablet,Agent Tablet,5,757.28,3786.4,595.91
ORD-1326,2025-02-27,South,UK,Small Business,Furniture,Chair,Data Chair,4,468.4,1873.6,601.98
ORD-1327,2024-11-17,West,Canada,Enterprise,Technology,Smartphone,Get Smartphone,10,131.95,1319.5,388.47
ORD-1328,2024-10-02,East,Canada,B2B,Technology,Printer,Treatment Printer,3,326.92,980.76,322.11
ORD-1329,2024-07-12,East,USA,Enterprise,Furniture,Desk,Spring Desk,7,604.5,4231.5,962.91
ORD-1330,2024-10-02,West,Canada,B2C,Technology,Printer,Have Printer,9,183.53,1651.77,517.58
ORD-1331,2025-02-20,West,Canada,B2B,Furniture,Table,Mr Table,6,952.81,5716.86,1455.61
ORD-1332,2024-11-18,West,Germany,Enterprise,Furniture,Bookcase,Respond Bookcase,7,715.94,5011.58,1337.31
ORD-1333,2025-05-09,North,USA,Small Business,Furniture,Chair,Not Chair,1,289.36,289.36,69.08
ORD-1334,2024-10-22,West,Canada,B2B,Furniture,Bookcase,Wrong Bookcase,10,131.92,1319.2,220.92
ORD-1335,2024-06-26,West,Canada,B2C,Technology,Laptop,Business Laptop,7,120.37,842.59,127.21
ORD-1336,2025-05-22,North,Germany,Small Business,Furniture,Table,Every Table,6,864.96,5189.76,1940.48
ORD-1337,2024-08-24,South,Canada,Small Business,Furniture,Desk,Partner Desk,10,640.12,6401.2,2241.74
ORD-1338,2024-09-27,South,India,Small Business,Furniture,Desk,American Desk,9,295.46,2659.14,633.86
ORD-1339,2024-07-28,East,Canada,Small Business,Technology,Smartphone,Pick Smartphone,9,985.78,8872.02,1740.78
ORD-1340,2024-12-01,West,India,Small Business,Furniture,Desk,Hair Desk,3,707.4,2122.2,764.4
ORD-1341,2025-03-25,South,Germany,Enterprise,Furniture,Table,Stop Table,3,585.88,1757.64,561.36
ORD-1342,2024-10-15,West,India,B2B,Technology,Tablet,Least Tablet,7,525.3,3677.1,1163.92
ORD-1343,2025-02-06,West,UK,B2B,Technology,Tablet,Much Tablet,2,736.31,1472.62,386.51
ORD-1344,2024-07-30,North,Canada,Enterprise,Office Supplies,Pen,Image Pen,4,968.77,3875.08,591.13
ORD-1345,2025-05-31,East,UK,Small Business,Technology,Smartphone,Part Smartphone,9,586.37,5277.33,1214.62
ORD-1346,2024-08-28,North,India,B2B,Technology,Smartphone,Environmental Smartphone,8,35.96,287.68,34.86
ORD-1347,2024-07-03,West,India,Enterprise,Furniture,Bookcase,Section Bookcase,4,995.78,3983.12,506.56
ORD-1348,2024-12-02,South,UK,B2B,Office Supplies,Pen,Ability Pen,6,265.38,1592.28,459.29
ORD-1349,2025-01-03,North,Germany,Small Business,Office Supplies,Binder,Wish Binder,4,440.65,1762.6,656.82
ORD-1350,2025-04-25,South,Germany,B2B,Furniture,Chair,Nothing Chair,3,601.81,1805.43,440.83
ORD-1351,2025-03-09,North,UK,B2B,Technology,Laptop,Serve Laptop,7,700.15,4901.05,1258.05
ORD-1352,2025-06-16,North,India,B2B,Furniture,Bookcase,Site Bookcase,6,380.21,2281.26,707.7
ORD-1353,2025-03-29,South,India,B2B,Technology,Printer,Religious Printer,10,657.02,6570.2,1760.62
ORD-1354,2024-08-31,South,Germany,Enterprise,Office Supplies,Binder,Himself Binder,4,104.95,419.8,155.27
ORD-1355,2024-11-30,East,Germany,Small Business,Furniture,Bookcase,Available Bookcase,3,262.83,788.49,162.91
ORD-1356,2025-02-28,North,UK,B2C,Furniture,Table,Wife Table,9,614.79,5533.11,1900.1
ORD-1357,2024-10-22,North,USA,Enterprise,Technology,Smartphone,Price Smartphone,7,130.49,913.43,228.47
ORD-1358,2024-10-15,North,UK,Small Business,Office Supplies,Paper,Record Paper,3,399.1,1197.3,177.57
ORD-1359,2025-05-11,South,Germany,B2B,Technology,Smartphone,Capital Smartphone,1,595.62,595.62,235.78
ORD-1360,2025-03-22,North,Germany,Small Business,Furniture,Chair,We Chair,9,771.77,6945.93,1895.73
ORD-1361,2024-10-10,South,UK,B2B,Technology,Laptop,Movement Laptop,5,97.44,487.2,60.28
ORD-1362,2024-10-14,West,Canada,B2B,Furniture,Table,Reflect Table,5,704.7,3523.5,637.8
ORD-1363,2024-11-21,South,India,Enterprise,Furniture,Chair,General Chair,2,464.3,928.6,201.83
ORD-1364,2024-11-19,North,India,B2C,Technology,Printer,Same Printer,1,180.56,180.56,20.6
ORD-1365,2024-10-08,South,UK,B2C,Office Supplies,Pen,Once Pen,5,738.28,3691.4,1345.82
ORD-1366,2024-08-04,West,UK,B2B,Furniture,Table,Dark Table,5,718.08,3590.4,815.04
ORD-1367,2024-11-26,West,Canada,Small Business,Furniture,Bookcase,Red Bookcase,1,509.62,509.62,117.18
ORD-1368,2025-06-16,East,India,B2B,Technology,Printer,Hundred Printer,4,745.96,2983.84,1191.24
ORD-1369,2025-03-06,North,Germany,Small Business,Furniture,Desk,Smile Desk,7,921.82,6452.74,2234.66
ORD-1370,2025-06-01,South,UK,B2C,Furniture,Bookcase,Contain Bookcase,7,917.54,6422.78,1952.65
ORD-1371,2025-02-10,North,Canada,B2B,Furniture,Table,Outside Table,3,238.72,716.16,175.65
ORD-1372,2024-10-10,North,Germany,Small Business,Furniture,Bookcase,Into Bookcase,5,340.75,1703.75,398.8
ORD-1373,2025-01-14,South,UK,Small Business,Furniture,Table,These Table,10,257.73,2577.3,746.17
ORD-1374,2024-06-16,South,USA,B2B,Technology,Printer,Fly Printer,7,43.43,304.01,72.21
ORD-1375,2024-10-05,East,India,Enterprise,Office Supplies,Paper,Develop Paper,5,121.87,609.35,146.89
ORD-1376,2024-11-29,West,India,B2C,Furniture,Bookcase,Stock Bookcase,5,111.17,555.85,68.71
ORD-1377,2025-01-27,East,Germany,B2B,Office Supplies,Envelope,Policy Envelope,10,113.67,1136.7,409.15
ORD-1378,2025-02-25,North,Germany,B2C,Technology,Laptop,Fund Laptop,4,305.84,1223.36,177.05
ORD-1379,2024-12-13,East,Germany,Small Business,Technology,Smartphone,Letter Smartphone,4,93.19,372.76,126.44
ORD-1380,2024-12-04,South,India,B2C,Office Supplies,Paper,Republican Paper,8,476.73,3813.84,1060.42
ORD-1381,2024-09-06,South,Germany,Small Business,Office Supplies,Pen,Much Pen,8,279.71,2237.68,814.57
ORD-1382,2024-12-16,North,USA,Small Business,Furniture,Table,Student Table,3,109.39,328.17,106.83
ORD-1383,2025-05-31,North,UK,Small Business,Technology,Tablet,Style Tablet,3,50.46,151.38,42.19
ORD-1384,2025-03-28,North,Germany,B2B,Technology,Printer,Condition Printer,3,139.02,417.06,159.11
ORD-1385,2025-02-26,South,Germany,Small Business,Furniture,Desk,Become Desk,2,590.68,1181.36,380.82
ORD-1386,2024-10-04,North,USA,Enterprise,Furniture,Chair,Myself Chair,3,110.14,330.42,48.18
ORD-1387,2025-02-28,North,Germany,B2B,Technology,Laptop,Property Laptop,3,925.65,2776.95,749.92
ORD-1388,2025-02-11,West,India,Enterprise,Office Supplies,Envelope,Government Envelope,7,189.35,1325.45,444.8
ORD-1389,2024-07-22,East,Germany,B2C,Furniture,Table,Tell Table,1,621.82,621.82,133.63
ORD-1390,2025-04-03,West,Germany,Enterprise,Office Supplies,Pen,Easy Pen,1,105.97,105.97,30.21
ORD-1391,2025-03-04,South,Canada,B2B,Technology,Printer,Force Printer,7,786.28,5503.96,1608.62
ORD-1392,2024-09-11,East,Canada,Small Business,Office Supplies,Envelope,Sure Envelope,7,285.03,1995.21,782.48
ORD-1393,2024-09-01,North,UK,B2B,Office Supplies,Binder,Choice Binder,8,538.84,4310.72,732.6
ORD-1394,2024-06-25,North,USA,B2C,Furniture,Desk,Any Desk,5,543.02,2715.1,441.55
ORD-1395,2024-09-19,South,Canada,Enterprise,Office Supplies,Paper,May Paper,6,936.5,5619.0,576.16
ORD-1396,2025-02-08,South,Canada,Small Business,Furniture,Desk,To Desk,6,915.7,5494.2,2151.19
ORD-1397,2025-04-10,South,Canada,B2C,Office Supplies,Pen,Baby Pen,8,551.28,4410.24,1531.82
ORD-1398,2024-12-09,North,USA,B2C,Furniture,Chair,Join Chair,1,535.92,535.92,214.26
ORD-1399,2025-05-26,South,UK,B2C,Office Supplies,Binder,Professional Binder,6,78.36,470.16,167.23
ORD-1400,2025-01-25,North,Canada,Small Business,Office Supplies,Binder,Day Binder,2,386.12,772.24,90.68
ORD-1401,2025-03-21,East,UK,Small Business,Technology,Laptop,Same Laptop,3,976.34,2929.02,528.09
ORD-1402,2024-11-12,East,USA,Small Business,Technology,Tablet,Miss Tablet,4,672.22,2688.88,418.56
ORD-1403,2024-11-18,East,USA,B2C,Technology,Smartphone,Either Smartphone,1,949.81,949.81,109.6
ORD-1404,2024-08-12,South,Canada,Small Business,Technology,Laptop,Reality Laptop,10,236.48,2364.8,544.7
ORD-1405,2025-03-10,East,India,B2C,Technology,Printer,Accept Printer,6,982.73,5896.38,2061.57
ORD-1406,2025-05-28,West,India,Small Business,Furniture,Table,Social Table,4,264.55,1058.2,401.76
ORD-1407,2025-05-16,North,India,Enterprise,Technology,Laptop,Speech Laptop,8,737.93,5903.44,645.07
ORD-1408,2025-05-25,West,UK,Enterprise,Technology,Tablet,Both Tablet,2,832.23,1664.46,271.94
ORD-1409,2025-04-14,South,Germany,B2B,Office Supplies,Binder,Large Binder,1,309.01,309.01,94.06
ORD-1410,2024-09-08,East,USA,Enterprise,Furniture,Chair,Control Chair,3,737.35,2212.05,521.79
ORD-1411,2025-04-24,West,India,Enterprise,Furniture,Table,Safe Table,3,615.17,1845.51,497.81
ORD-1412,2025-01-03,East,USA,B2C,Furniture,Chair,Majority Chair,7,703.25,4922.75,902.78
ORD-1413,2024-07-05,East,UK,B2C,Office Supplies,Pen,Onto Pen,2,68.64,137.28,31.36
ORD-1414,2024-09-20,North,UK,B2B,Technology,Printer,Whose Printer,7,105.88,741.16,113.27
ORD-1415,2025-05-11,South,India,B2B,Office Supplies,Envelope,Campaign Envelope,4,187.42,749.68,234.24
ORD-1416,2024-12-10,North,UK,Enterprise,Furniture,Bookcase,Cell Bookcase,8,499.31,3994.48,805.64
ORD-1417,2025-04-23,South,UK,Enterprise,Furniture,Bookcase,Majority Bookcase,6,202.85,1217.1,470.55
ORD-1418,2025-03-02,East,USA,Small Business,Technology,Tablet,Nice Tablet,10,80.41,804.1,140.18
ORD-1419,2025-01-19,North,UK,Enterprise,Office Supplies,Paper,Physical Paper,10,242.96,2429.6,927.39
ORD-1420,2024-10-17,West,Canada,B2C,Technology,Tablet,Someone Tablet,8,312.88,2503.04,704.75
ORD-1421,2025-05-28,South,India,Enterprise,Office Supplies,Paper,Level Paper,3,950.08,2850.24,997.16
ORD-1422,2025-02-08,South,India,Enterprise,Furniture,Desk,Teacher Desk,2,988.51,1977.02,532.57
ORD-1423,2025-03-22,East,UK,B2B,Office Supplies,Binder,Wait Binder,2,400.34,800.68,224.83
ORD-1424,2024-12-29,West,India,Enterprise,Technology,Smartphone,Last Smartphone,2,426.15,852.3,303.03
ORD-1425,2025-05-04,North,Canada,B2B,Office Supplies,Paper,What Paper,5,870.13,4350.65,591.51
ORD-1426,2025-01-14,West,Germany,Enterprise,Technology,Smartphone,Like Smartphone,1,188.76,188.76,52.68
ORD-1427,2025-05-30,North,Germany,Small Business,Office Supplies,Envelope,Cold Envelope,4,68.31,273.24,70.34
ORD-1428,2025-03-31,North,UK,Small Business,Technology,Smartphone,Training Smartphone,5,294.74,1473.7,372.13
ORD-1429,2024-12-17,South,USA,Small Business,Office Supplies,Paper,Listen Paper,8,778.55,6228.4,1891.81
ORD-1430,2024-09-24,North,USA,Enterprise,Office Supplies,Envelope,Society Envelope,4,915.16,3660.64,1017.1
ORD-1431,2024-09-20,North,Canada,B2C,Technology,Smartphone,Though Smartphone,2,324.9,649.8,161.13
ORD-1432,2025-02-18,South,USA,B2C,Furniture,Chair,Factor Chair,1,264.5,264.5,69.58
ORD-1433,2025-04-09,East,UK,Enterprise,Technology,Printer,Star Printer,9,409.0,3681.0,453.05
ORD-1434,2025-01-04,South,UK,Enterprise,Office Supplies,Paper,Memory Paper,10,457.18,4571.8,511.33
ORD-1435,2025-02-14,East,USA,Small Business,Technology,Smartphone,Edge Smartphone,2,299.37,598.74,170.06
ORD-1436,2024-09-30,South,USA,B2C,Furniture,Desk,Less Desk,5,658.56,3292.8,810.08
ORD-1437,2024-07-16,West,USA,B2C,Office Supplies,Paper,Sell Paper,10,804.85,8048.5,2679.1
ORD-1438,2024-10-04,East,Germany,Enterprise,Office Supplies,Pen,Easy Pen,6,469.82,2818.92,943.03
ORD-1439,2024-09-29,North,India,Small Business,Technology,Tablet,Government Tablet,9,654.4,5889.6,1279.72
ORD-1440,2024-10-18,West,India,Small Business,Technology,Laptop,Walk Laptop,5,647.78,3238.9,458.47
ORD-1441,2025-01-11,South,USA,B2C,Technology,Smartphone,Be Smartphone,1,809.32,809.32,128.92
ORD-1442,2024-08-08,East,USA,B2B,Office Supplies,Envelope,City Envelope,8,997.52,7980.16,2570.99
ORD-1443,2024-09-13,West,India,B2C,Technology,Tablet,Identify Tablet,6,732.02,4392.12,1463.85
ORD-1444,2025-03-12,East,Canada,Small Business,Office Supplies,Envelope,Claim Envelope,3,843.83,2531.49,346.94
ORD-1445,2025-03-17,North,Germany,B2C,Furniture,Table,Difficult Table,5,730.68,3653.4,848.65
ORD-1446,2024-07-10,North,USA,Small Business,Furniture,Table,Join Table,4,749.33,2997.32,922.8
ORD-1447,2024-11-21,East,Canada,Small Business,Technology,Smartphone,Give Smartphone,8,854.19,6833.52,1768.78
ORD-1448,2025-01-12,West,USA,B2B,Office Supplies,Paper,Man Paper,7,539.24,3774.68,1042.07
ORD-1449,2024-11-24,South,UK,Enterprise,Furniture,Desk,Assume Desk,10,894.99,8949.9,930.84
ORD-1450,2024-09-04,South,India,Enterprise,Furniture,Table,There Table,6,638.41,3830.46,1328.99
ORD-1451,2024-11-26,North,Germany,Small Business,Office Supplies,Paper,Improve Paper,4,765.97,3063.88,1070.58
ORD-1452,2025-06-02,North,USA,Enterprise,Furniture,Bookcase,Speech Bookcase,7,415.33,2907.31,320.97
ORD-1453,2025-01-28,North,Canada,B2C,Technology,Laptop,Young Laptop,6,951.07,5706.42,755.52
ORD-1454,2025-03-13,North,India,B2C,Office Supplies,Binder,Again Binder,4,699.65,2798.6,830.33
ORD-1455,2025-05-14,West,Canada,Small Business,Furniture,Chair,Up Chair,3,83.98,251.94,97.32
ORD-1456,2025-04-09,East,Germany,B2C,Technology,Tablet,Parent Tablet,6,996.22,5977.32,1511.94
ORD-1457,2024-11-10,West,India,B2C,Furniture,Desk,Me Desk,4,732.63,2930.52,1056.86
ORD-1458,2024-06-18,South,India,Small Business,Office Supplies,Paper,Yes Paper,1,387.69,387.69,80.6
ORD-1459,2024-10-30,North,India,B2B,Office Supplies,Paper,Fire Paper,1,695.95,695.95,191.36
ORD-1460,2025-04-04,East,Germany,B2C,Technology,Laptop,In Laptop,4,701.29,2805.16,591.63
ORD-1461,2025-05-13,North,Canada,Small Business,Technology,Tablet,Wait Tablet,10,613.52,6135.2,2201.62
ORD-1462,2025-05-06,East,India,B2B,Furniture,Chair,Kind Chair,8,214.67,1717.36,584.03
ORD-1463,2025-01-11,East,Germany,Small Business,Technology,Printer,Small Printer,3,58.62,175.86,44.16
ORD-1464,2025-03-28,East,USA,B2B,Furniture,Bookcase,Office Bookcase,1,678.2,678.2,86.77
ORD-1465,2025-04-22,South,India,B2B,Office Supplies,Envelope,Player Envelope,2,906.68,1813.36,374.82
ORD-1466,2025-05-30,East,Germany,B2B,Technology,Smartphone,Discussion Smartphone,2,816.91,1633.82,225.07
ORD-1467,2024-12-22,East,Germany,B2B,Technology,Smartphone,Discuss Smartphone,2,854.22,1708.44,227.07
ORD-1468,2024-09-29,South,UK,Small Business,Furniture,Desk,Least Desk,8,955.99,7647.92,2443.57
ORD-1469,2024-12-21,East,UK,B2C,Office Supplies,Paper,Air Paper,2,412.76,825.52,91.89
ORD-1470,2024-11-14,West,Germany,B2C,Technology,Tablet,Great Tablet,2,149.86,299.72,54.57
ORD-1471,2025-03-02,West,Canada,Enterprise,Furniture,Chair,Respond Chair,10,684.83,6848.3,2366.92
ORD-1472,2025-04-21,North,USA,Enterprise,Technology,Smartphone,Interview Smartphone,8,130.68,1045.44,289.18
ORD-1473,2025-03-24,East,UK,B2B,Furniture,Chair,Company Chair,9,772.18,6949.62,1577.6
ORD-1474,2025-05-08,East,Canada,B2B,Office Supplies,Binder,Manage Binder,7,668.48,4679.36,1522.79
ORD-1475,2025-06-08,South,Canada,B2B,Technology,Tablet,Care Tablet,1,650.53,650.53,229.59
ORD-1476,2025-02-12,South,India,Enterprise,Technology,Tablet,None Tablet,6,256.07,1536.42,167.4
ORD-1477,2024-06-26,West,Germany,B2C,Furniture,Desk,What Desk,2,469.91,939.82,150.02
ORD-1478,2024-11-16,West,Germany,Small Business,Technology,Laptop,Person Laptop,2,981.06,1962.12,346.17
ORD-1479,2025-01-21,West,Germany,B2B,Furniture,Chair,Recognize Chair,9,558.12,5023.08,764.65
ORD-1480,2024-06-26,South,Germany,Small Business,Office Supplies,Pen,Because Pen,6,828.8,4972.8,770.9
ORD-1481,2025-02-20,West,UK,Enterprise,Technology,Smartphone,Later Smartphone,2,115.49,230.98,46.73
ORD-1482,2024-08-07,East,UK,Small Business,Furniture,Table,Trial Table,2,64.86,129.72,45.5
ORD-1483,2024-12-12,North,UK,B2C,Furniture,Bookcase,Court Bookcase,4,138.33,553.32,79.87
ORD-1484,2024-07-05,South,UK,B2B,Furniture,Bookcase,Ever Bookcase,7,65.57,458.99,96.4
ORD-1485,2024-11-10,West,Germany,B2C,Office Supplies,Paper,Generation Paper,8,24.25,194.0,34.75
ORD-1486,2024-09-06,West,Canada,B2C,Office Supplies,Envelope,Look Envelope,10,190.18,1901.8,295.59
ORD-1487,2024-10-20,East,Canada,Enterprise,Furniture,Bookcase,Green Bookcase,7,979.91,6859.37,858.98
ORD-1488,2025-04-07,West,UK,Small Business,Furniture,Table,Until Table,8,808.7,6469.6,2319.65
ORD-1489,2024-11-10,East,Canada,B2C,Office Supplies,Pen,Fall Pen,4,225.52,902.08,167.5
ORD-1490,2025-04-04,South,USA,Small Business,Office Supplies,Pen,Theory Pen,2,765.56,1531.12,354.17
ORD-1491,2024-11-26,East,Germany,B2B,Office Supplies,Envelope,Entire Envelope,9,124.34,1119.06,319.76
ORD-1492,2025-05-06,South,UK,B2C,Furniture,Chair,Beat Chair,5,689.72,3448.6,1227.95
ORD-1493,2024-12-15,South,Canada,B2B,Furniture,Table,After Table,6,817.75,4906.5,1811.75
ORD-1494,2025-04-02,West,USA,Small Business,Office Supplies,Binder,Notice Binder,1,927.96,927.96,263.29
ORD-1495,2024-07-06,North,India,Small Business,Office Supplies,Pen,Hard Pen,4,628.15,2512.6,416.39
ORD-1496,2024-09-11,East,Canada,B2C,Technology,Printer,Rate Printer,4,308.29,1233.16,427.63
ORD-1497,2024-07-12,South,USA,B2B,Office Supplies,Paper,Statement Paper,7,59.82,418.74,132.43
ORD-1498,2025-02-24,South,Canada,Small Business,Technology,Printer,Amount Printer,1,343.95,343.95,64.35
ORD-1499,2025-04-04,South,UK,B2B,Furniture,Chair,Allow Chair,10,846.28,8462.8,2620.54
ORD-1500,2024-09-20,North,UK,B2C,Office Supplies,Pen,Decision Pen,3,530.19,1590.57,261.05
